Название русское,Название на латыни
1-(4-бромфенил)виолуровая кислота,1-(4-bromphenyl)violuric acid
"D,L-гопантеновая кислота","D,L-hopantenic acid"
L-треонил-L-лизил-L-пролил-L-аргинил-L-пролин,L-threonyl-L-lysyl-L-prolyl-L-arginyl-L-proline
абакавир,abacavir
абатацепт,abatacept
абемациклиб,abemaciclib
абиратерон,abiraterone
аброцитиниб,abrocitinib
абциксимаб,abciximab
аванафил,avanafil
аватромбопаг,avatrombopag
авелумаб,avelumab
авибактам,avibactam
агалсидаза альфа,agalsidase alfa
агалсидаза бета,agalsidase beta
агомелатин,agomelatine
адалимумаб,adalimumab
адамантилбромфениламин,adamantile bromphenyl amine
адапален,adapalene
адеметионин,ademetionine
аденин,adenine
аденозин,adenosine
аденозина фосфат,adenosine phosphate
адонизид,adonisid
азаметония бромид,azamethonium bromide
азапентацен,azapentacene
азатиоприн,azathioprine
азацитидин,azacitidine
азелаиновая кислота,azelaic acid
азеластин,azelastine
азенапин,asenapine
азилсартана медоксомил,azilsartan medoxomil
азитромицин,azithromycin
азоксимера бромид,azoximer bromide
азота закись,nitrous oxide
азтреонам,aztreonam
аира корневище,Calami rhizoma
акалабрутиниб,acalabrutinib
акарбоза,acarbose
аклидиния бромид,aclidinium bromide
акотиамид,acotiamide
акривастин,acrivastine
акситиниб,axitinib
"активное вещество, используемое в гомеопатии",homeopathic drug
аланин,alanine
албендазол,albendazole
албутрепенонаког альфа,albutrepenonacog alfa
алверин,alverine
алгелдрат,algeldrate
алглюкозидаза альфа,alglucosidase alfa
алдеслейкин,aldesleukin
алектиниб,alectinib
алемтузумаб,alemtuzumab
алендроновая кислота,alendronic acid
алимемазин,alimemazine
алирокумаб,alirocumab
алискирен,aliskiren
алклометазон,alclometasone
аллантоин,allantoin
аллерген туберкулезный рекомбинантный в стандартном разведении,recombinant tuberculosis antigen in standard dilution
аллил изотиоцианат,allyl isothiocyanate
аллопуринол,allopurinol
алмазилат,almasilate
алоглиптин,alogliptin
алоэ,Aloe
алпелисиб,alpelisib
алпразолам,alprazolam
алпростадил,alprostadil
алтей,Althaea
алтеплаза,alteplase
алтея корень,Althaeae radix
алтея лекарственного трава,herba Althaeae officinalis
алфузозин,alfuzosin
альбумин человека,human albumin
альмитрин,almitrine
альтретамин,altretamine
альфа-глутамил-триптофан,alpha-glutamyl-tryptophan
альфа-дигидроэргокриптин,alpha-dihydroergocryptine
альфа-фетопротеин человеческий,human alpha-fetoprotein
альфа1-протеиназы ингибитор,alpha-1-proteinase inhibitor
альфакальцидол,alfacalcidol
алюминия гидроксид высушенный,dried aluminium hydroxide
алюминия гидроксида гель,aluminium hydroxide gel
алюминия гидроксида-магния карбонат гель высушенный,aluminium hydroxide-magnesium carbonate co-dried gel
алюминия фосфат,aluminium phosphate
амантадин,amantadine
амбазон,ambazone
амбризентан,ambrisentan
амброксол,ambroxol
амикацин,amikacin
амилаза,amylase
амилметакрезол,amylmetacresol
амилнитрит,amyl nitrite
аминобензойная кислота,aminobenzoic acid
аминоглутетимид,aminoglutethimide
аминодигидрофталазиндион натрия,aminodihydrophtalazinedione sodium
аминокапроновая кислота,aminocaproic acid
аминолевулиновая кислота,aminolevulinic acid
аминометилбензойная кислота,aminomethylbenzoic acid
аминосалициловая кислота,aminosalicylic acid
аминофенилмасляная кислота,aminophenylbutyric acid
аминофиллин,aminophylline
амиодарон,amiodarone
амисульприд,amisulpride
амитриптилин,amitriptyline
амифостин,amifostine
амлодипин,amlodipine
амми большая,Ammi majus
аммиака раствор разведеный,dilute ammonia solution
аммония глицирризинат,ammonium glycyrrhizate
аммония хлорид,ammonium chloride
амоксициллин,amoxicillin
аморолфин,amorolfine
ампициллин,ampicillin
ампренавир,amprenavir
амтолметин гуацил,amtolmetin guacil
амфотерицин B,amphotericin B
анагрелид,anagrelide
анакинра,anakinra
анастрозол,anastrozole
анатоксин столбнячный очищенный адсорбированный жидкий,anatoxinum tetanicum purificatum adsorptum fluidum
анидулафунгин,anidulafungin
аниса масло,Anis oil
аниса плоды,Anisi fructus
анифролумаб,anifrolumab
антазолин,antazoline
анти-D иммуноглобулин человека,human anti-D immunoglobulin
антиингибиторный коагулянтный комплекс,anti-inhibitor coagulant complex
антитромбин III,antithrombin III
апалутамид,apalutamide
апиксабан,apixaban
апоморфин,apomorphine
апремиласт,apremilast
апрепитант,aprepitant
апротинин,aprotinin
аргинин,arginine
аргинина глутамат,arginine glutamate
арипипразол,aripiprazole
арника,Arnica
аронии черноплодной плоды,Aronia
артикаин,articaine
артишок полевой,Cynara
аскорбиновая кислота,ascorbic acid
аспарагиназа,asparaginase
аспарагиновая кислота,aspartic acid
аспартам,aspartame
асунапревир,asunaprevir
асфотаза альфа,asfotase alfa
атазанавир,atazanavir
аталурен,ataluren
атезолизумаб,atezolizumab
атенолол,atenolol
атозибан,atosiban
атомоксетин,atomoxetine
аторвастатин,atorvastatin
атракурия безилат,atracurium besilate
атропин,atropine
аттапульгит,attapulgite
афатиниб,afatinib
афлиберцепт,aflibercept
ацеклофенак,aceclofenac
ацеметацин,acemetacin
аценокумарол,acenocoumarol
ацетазоламид,acetazolamide
ацетарсол,acetarsol
ацетиламинонитропропоксибензен,acetylaminonitropropoxybenzene
ацетиламиноянтарная кислота,acetylaminosuccinique acid
ацетилдигоксин,acetyldigoxin
ацетилкарнитин,acetylcarnitine
ацетилсалициловая кислота,acetylsalicylic acid
ацетилцистеин,acetylcysteine
ацикловир,aciclovir
ацитретин,acitretin
багульник болотный,Ledum palustre
бадана корневища,Bergeniae rhizomata
бадьян настоящий,Star anise
бадяга,Spongilla lacustris
базилик,Basil
базиликсимаб,basiliximab
баклофен,baclofen
балоксавир марбоксил,baloxavir marboxil
барицитиниб,baricitinib
бария сульфат,barium sulphate
батроксобин,batroxobin
бациллюс субтилис,Bacillus subtilis
бацитрацин,bacitracin
бевацизумаб,bevacizumab
бедаквилин,bedaquiline
безафибрат,bezafibrate
безводный сульфат натрия,"sodium sulphate, anhydrous"
безлотоксумаб,bezlotoxumab
беклометазон,beclometasone
белатацепт,belatacept
белимумаб,belimumab
бемипарин натрия,bemiparin sodium
беназеприл,benazepril
бендазол,bendazol
бендамустин,bendamustine
бензалкония хлорид,benzalkonium chloride
бензатина бензилпенициллин,benzathine benzylpenicillin
бензгидрилпиперазинилбутилметилксантина сукцинат,benzhydrylpiperazinyl butylmethylxanthine succinate
бензидамин,benzydamine
бензилбензоат,benzyl benzoate
бензилдиметил-миристоиламино-пропиламмоний,benzyldimethyl-myristoylamino-propylammonium
бензилникотинат,benzylnicotinat
бензилпенициллин,benzylpenicillin
бензобарбитал,benzobarbital
бензоил пероксид,benzoyl peroxide
бензойная кислота,benzoic acid
бензокаин,benzocaine
бензоксония хлорид,benzoxonium chloride
бенрализумаб,benralizumab
бенсеразид,benserazide
бенфотиамин,benfotiamine
бенциклан,bencyclane
берактант,beractant
березовый гриб (чага),Inonotus obliguus
березы листья,Birch leaf
бессмертника песчаного цветки,Helichrysi flos
бета-аланин,beta-alanine
бетагистин,betahistine
бетаина гидрохлорид,betaine hydrochloride
бетакаротен,betacarotene
бетаксолол,betaxolol
бетаметазон,betamethasone
бетаметазона динатрия фосфат,betamethasone sodium phosphate
биапенем,biapenem
биброкатол,bibrocathol
бивалирудин,bivalirudin
бикалутамид,bicalutamide
биклотимол,biclotymol
биктегравир,bictegravir
биластин,bilastine
биматопрост,bimatoprost
биниметиниб,binimetinib
биотин,biotin
бипериден,biperiden
бисакодил,bisacodyl
бисопролол,bisoprolol
бифидобактерии бифидум,Bifidobacterium bifidum
бифоназол,bifonazole
блеомицин,bleomycin
блинатумомаб,blinatumomab
бовактант,bovactant
бовгиалуронидаза азоксимер,bovhyaluronidase azoximer
бозентан,bosentan
бозутиниб,bosutinib
борная кислота,boric acid
бортезомиб,bortezomib
ботулинический токсин типа a,botulinum toxin a
ботулинический токсин типа А - гемагглютинин комплекс,botulinum toxin a - haemagglutinin complex
боцепревир,boceprevir
боярышника плоды,Crataegus fruit
брекспипразол,brexpiprazole
брентуксимаб ведотин,brentuximab vedotin
бриварацетам,brivaracetam
бриллиантовый зеленый,brilliant green
бримонидин,brimonidine
бринзоламид,brinzolamide
бролуцизумаб,brolucizumab
бромазепам,bromazepam
бромгексин,bromhexine
бромдигидрохлорфенилбензодиазепин,bromdihydrochlorphenylbenzodiazepine
бромелаины,bromelains
бромизовал,bromisoval
бромкамфора,bromcamphor
бромокриптин,bromocriptine
бромфенак,bromfenac
брусника,Cowberry
будесонид,budesonide
бузина,Sambucus
булевиртид,bulevirtide
бупивакаин,bupivacaine
бупренорфин,buprenorphine
бупропион,bupropion
бусерелин,buserelin
буспирон,buspirone
бусульфан,busulfan
бутамбен,butamben
бутамират,butamirate
бутилгидрокситолуол,butylated hydroxytoluene
бутоконазол,butoconazole
буторфанол,butorphanol
буфексамак,bufexamac
БЦЖ живые,BCG live
вакцина  для профилактики полиомиелита,poliomyelitis vaccine (inactivated)
вакцина (адсорбированная) против гепатита А (инактивированная) и гепатита В рекомбинантная,hepatitis A (inactivated) and hepatitis B (rDNA) vaccine (adsorbed)
"вакцина вируса папилломы человека бивалентная, рекомбинантная","human papillomavirus bivalent vaccine, recombinant"
"вакцина вируса папилломы человека квадривалентная, рекомбинантная","human papillomavirus quadrivalent vaccine, recombinant"
"вакцина дифтерийная, столбнячная, коклюшная и рекомбинантная против гепатита В (абсорбированная)","diphtheria, tetanus, pertussis and hepatitis B (rDNA) vaccine (adsorbed)"
"вакцина дифтерийно-столбнячная, коклюшная (адсорбированная)","diphtheria, tetanus and pertussis vaccine (adsorbed)"
вакцина для профилактики COVID-19,vaccine for the prevention of COVID-19
вакцина для профилактики бешенства,rabies vaccine
"вакцина для профилактики вирусного гепатита B, дифтерии, коклюша, полиомиелита и столбняка","diphtheria, tetanus, pertussis (acellular, component), hepatitis B (rDNA), poliomyelitis (inactivated) vaccine (adsorbed)"
вакцина для профилактики вирусного гепатита А,hepatitis A vaccine
вакцина для профилактики гриппа (живая),"influenza vaccine, alive"
вакцина для профилактики гриппа инактивированная,inactivated influenza vaccine
"вакцина для профилактики дифтерии (с уменьшенным содержанием антигена), столбняка и коклюша (бесклеточная), комбинированная, адсорбированная","tetanus toxoid, reduced diphtheria toxoid and acellular pertussis vaccine, adsorbed"
"вакцина для профилактики дифтерии и столбняка адсорбированная, коклюша ацеллюлярная, полиомиелита инактивированная, инфекции, вызываемой Haemophilus influenzae тип b конъюгированная","diphtheria, tetanus, pertussis (acellular, component), poliomyelitis (inactivated) vaccine (adsorbed) and Haemophilus influenza type b conjugate vaccine"
"вакцина для профилактики дифтерии, коклюша (бесклеточная) и столбняка","diphtheria, tetanus and pertussis (acellular, component) vaccine (adsorbed)"
"вакцина для профилактики дифтерии, столбняка, коклюша (бесклеточная), гепатита B, полиомиелита (инактивированная) и инфекции, вызываемой Haemophilus influenzae тип b","diphtheria, tetanus, pertussis (acellular, component), hepatitis B (rDNA), poliomyelitis (inactivated) and haemophilus type b conjugate vaccine (adsorbed)"
вакцина для профилактики желтой лихорадки,yellow fever prevention vaccine
вакцина для профилактики кори и паротита,measles and mumps virus vaccine (live)
"вакцина для профилактики кори, краснухи и паротита","measles, mumps and rubella virus vaccine live"
"вакцина для профилактики кори, паротита, краснухи и ветряной оспы","measles, mumps, rubella, and varicella vaccine"
вакцина для профилактики лихорадки Эбола,vaccine for prevention of Ebola virus disease
"вакцина для профилактики менингококковых инфекций серогрупп A, C, W, Y, полисахаридная, конъюгированная","meningococcal (groups A, C, Y and W-135) polysaccharide diphtheria toxoid conjugate vaccine"
"вакцина для профилактики новой коронавирусной инфекции, вызываемой вирусом SARS-CoV-2",vaccine for preventing of new coronavirus infection caused by the SARS-CoV-2 virus
вакцина для профилактики птичьего гриппа (живая),"avian influenza vaccine, alive"
"вакцина для профилактики чумы, живая","plague vaccine, live"
вакцина краснушная (живая),rubella vaccine (live)
вакцина менингитная полисахаридная,meningococcal polysaccharide vaccine
вакцина менингитная полисахаридная А и С комбинированная,meningococcal polysaccharide vaccine groups a and c combined
вакцина оспенная,smallpox vaccine
вакцина пневмококковая полисахаридная,pneumococcal polysaccharide vaccine
вакцина пневмококковая полисахаридная конъюгированная адсорбированная - 13-валентная,"pneumococcal polysaccharide conjugate vaccine (adsorbed), 13 valent"
вакцина полиомиелитная живая (для приема внутрь),poliomyelitis vaccine live (oral)
"вакцина против бешенства инактивированная, приготовленная в культуре клеток",rabies vaccine for human use prepared in cell cultures
вакцина против ветряной оспы живая,varicella vaccine (live)
вакцина против гемофильной палочки конъюгированная,haemophilus influenza conjugate vaccine
"вакцина против гемофильной палочки, конъюгированная со столбнячным анатоксином",haemophilus influenzae conjugate vaccine (tetanus toxoid conjugate)
вакцина против гепатита B,hepatitis B vaccine
вакцина против гепатита B рекомбинантная,hepatitis B vaccine (rDNA)
вакцина против клещевого энцефалита (инактивированная),tick-borne encephalitis vaccine (inactivated)
вакцина против паротита,mumps vaccine (live)
вакцина противогриппозная инактивированная (поверхностный антиген),inactivated influenza vaccine (surface antigen)
вакцина противогриппозная инактивированная (расщепленная),"influenza vaccine (split virion), inactivated"
"вакцина ротавирусная (живая, пероральная)","rotavirus vaccine (live, oral)"
вакцина туберкулезная бцж,BCG vaccine
валацикловир,valaciclovir
валганцикловир,valganciclovir
валериана,Valerian
валерианы лекарственной корневищ с корнями экстракт,extractum rhizomatum cum radicibus Valerianae officinalis
валин,valine
валсартан,valsartan
вальпроевая кислота,valproic acid
вандетаниб,vandetanib
ванкомицин,vancomycin
варденафил,vardenafil
варениклин,varenicline
варфарин,warfarin
ведолизумаб,vedolizumab
векурония бромид,vecuronium bromide
велаглюцераза альфа,velaglucerase alfa
велпатасвир,velpatasvir
вемурафениб,vemurafenib
венетоклакс,venetoclax
венлафаксин,venlafaxine
верапамил,verapamil
вербены трава,Verbenae herba
вертепорфин,verteporfin
вилантерол,vilanterol
вилдаглиптин,vildagliptin
винбластин,vinblastine
винкристин,vincristine
винорелбин,vinorelbine
винпоцетин,vinpocetine
винфлунин,vinflunine
висмодегиб,vismodegib
висмута субгаллат,bismuth subgallate
висмута субнитрат,bismuth subnitrate
висмута трикалия дицитрат,"bismuthate, tripotassium dicitrato"
витекс священный (авраамово дерево),Vitex agnus-castus
вода д/и,water for injections
водорода пероксид,hydrogen peroxide
волчеца трава,Cnici benedicti herba
вонопразан,vonoprazan
воретиген непарвовек,voretigene neparvovec
вориконазол,voriconazole
вориностат,vorinostat
вортиоксетин,vortioxetine
габапентин,gabapentin
гадобеновая кислота,gadobenic acid
гадобутрол,gadobutrol
гадоверсетамид,gadoversetamide
гадодиамид,gadodiamide
гадоксетовая кислота,gadoxetic acid
гадопентетовая кислота,gadopentetic acid
гадотеридол,gadoteridol
гадотеровая кислота,gadoteric acid
гаксилоза,gaxilose
галантамин,galantamine
галлия (67 Ga) цитрат,gallium (67 Ga) citrate
галоперидол,haloperidol
галоперидол деканоат,haloperidol decanoate
галотан,halothane
галсульфаза,galsulfase
гамма-аминобутировая кислота,gamma-aminobutyric acid
ганиреликс,ganirelix
ганцикловир,ganciclovir
гатифлоксацин,gatifloxacin
гвайазулен,guaiazulene
гвайфенезин,guaifenesin
гвоздика,Clove
гексамидин,hexamidine
гексаминолевулинат гидрохлорид,hexaminolevulinate hydrochloride
гексобендин,hexobendine
гексопреналин,hexoprenaline
гексэстрол,hexestrol
гексэтидин,hexetidine
гемиглиптин,gemigliptin
гемифлоксацин,gemifloxacin
гемицеллюлаза,hemicellulase
гемоглобин глутамер,hemoglobin glutamer
гемтузумаб озогамицин,gemtuzumab ozogamicin
гемфиброзил,gemfibrozil
гемцитабин,gemcitabine
гентамицин,gentamicin
гепарин натрия,heparin sodium
гепариноиды,heparinoids
гептаминол,heptaminol
гесперидин,hesperidin
гестоден,gestodene
гестонорона капроат,gestonorone caproate
гестринон,gestrinone
гефитиниб,gefitinib
гиалуронидаза,hyaluronidase
гиалуроновая кислота,hyaluronic acid
гибискуса цветки,Hibisci flos
гидразина сульфат,hydrazine sulfate
гидразинокарбонилметилбромфенилдигидробензодиазепин,hydrazinocarbonylmethylbromphenyldihydrobenzodiazepin
гидрокортизон,hydrocortisone
гидрокортизона бутират,hydrocortisone butyrate
гидроксизин,hydroxyzine
гидроксикарбамид,hydroxycarbamide
гидроксиметилхиноксалиндиоксид,hydroxymethylquinoxalindioxide
гидроксиникотиноилглутамат кальция,calcium hydroxynicotinoilglutamate
гидроксихлорохин,hydroxychloroquine
гидроксиэтил салицилат,hydroxyethyl salicylate
гидроксиэтилкрахмал 130/0.4,hydroxyethyl starch 130/0.4
гидроталцит,hydrotalcite
гидрохлоротиазид,hydrochlorothiazide
гилтеритиниб,gilteritinib
гимекромон,hymecromone
гинкго билоба,Ginkgo biloba
гиосцина бутилбромид,hyoscine butylbromide
гипромеллоза,hypromellose
гистидин,histidine
глатирамера ацетат,glatiramer acetate
глауцин,glaucine
глекапревир,glecaprevir
глибенкламид,glibenclamide
гликвидон,gliquidone
гликлазид,gliclazide
гликозаминогликан-пептидный комплекс,glycosaminoglycan peptide complex
гликопиррония бромид,glycopyrronium bromide
глимепирид,glimepiride
глипизид,glipizide
глицерол,glycerol
глицин,glycine
глутаминовая кислота,glutamic acid
глутарал,glutaral
глутатион,glutathione
глюкагон,glucagon
глюкозамин,glucosamine
глюкозаминилмурамилдипептид,glucosaminylmuramyldipeptide
гозерелин,goserelin
гозоглиптин,gosogliptin
голимумаб,golimumab
гонадотропин хорионический,chorionic gonadotrophin
гопантеновая кислота,hopantenic acid
горечавки корень,Gentianae radix
горца птичьего трава,Polygoni avicularis herba
горчица сарепская,Black Mustard
гразопревир,grazoprevir
грамицидин,gramicidin
грамицидин С,gramicidin S
гранисетрон,granisetron
гризеофульвин,griseofulvin
гуанфацин,guanfacine
гуселькумаб,guselkumab
дабигатрана этексилат,dabigatran etexilate
дабрафениб,dabrafenib
дазатиниб,dasatinib
дакарбазин,dacarbazine
даклатасвир,daclatasvir
даклизумаб,daclizumab
дакомитиниб,dacomitinib
дактиномицин,dactinomycin
далбаванцин,dalbavancin
далтепарин натрия,dalteparin sodium
даназол,danazol
дантролен,dantrolene
дапаглифлозин,dapagliflozin
дапоксетин,dapoxetine
дапсон,dapsone
даптомицин,daptomycin
даратумумаб,daratumumab
дарбэпоэтин альфа,darbepoetin alfa
дарифенацин,darifenacin
даролутамид,darolutamide
дарунавир,darunavir
дасабувир,dasabuvir
даунорубицин,daunorubicin
деанол,deanol
деанол ацеглумат,deanol aceglumate
девясила корневища,Helenii rhizoma
дегареликс,degarelix
деготь,tar
дезлоратадин,desloratadine
дезогестрел,desogestrel
дезонид,desonide
декаметоксин,decametoxin
деквалиния хлорид,dequalinium chloride
дексаметазон,dexamethasone
декскетопрофен,dexketoprofen
декслансопразол,dexlansoprazole
дексмедетомидин,dexmedetomidine
декспантенол,dexpanthenol
дексразоксан,dexrazoxane
декстран,dextran
декстран 40,dextran 40
декстран 70,dextran 70
декстроза,dextrose
декстрометорфан,dextromethorphan
деламанид,delamanid
деносумаб,denosumab
депреотид,depreotide
депротеинизированный гемодериват крови телят,deproteinized calf blood haemoderivate
десмопрессин,desmopressin
десфлуран,desflurane
деферазирокс,deferasirox
дефероксамин,deferoxamine
децитабин,decitabine
джозамицин,josamycin
диазепам,diazepam
диазоксид,diazoxide
диацереин,diacerein
дигидралазин,dihydralazine
дигидрокверцетин,dihydroquercetin
дигидрокодеин,dihydrocodeine
дигидротахистерол,dihydrotachysterol
дигидроэргокристин,dihydroergocristine
дигоксин,digoxin
диданозин,didanosine
дидрогестерон,dydrogesterone
диеногест,dienogest
дииндолилметан,diindolylmethane
диклофенак,diclofenac
диклофенак калия,diclofenac potassium
дилтиазем,diltiazem
дименгидринат,dimenhydrinate
димеркаптопропансульфонат натрия,sodium dimercaptopropane sulfonate
диметикон,dimeticone
диметилсульфоксид,dimethyl sulfoxide
диметилфумарат,dimethyl fumarate
диметинден,dimetindene
динатрия фолинат,disodium folinate
динатрия эдетат (динатриевая соль этилендиаминтетрауксусной кислоты/ЭДТА),disodium edetate
динопрост,dinoprost
динопростон,dinoprostone
динутуксимаб бета,dinutuximab beta
диоксометилтетрагидропиримидин,dioxomethyltetrahydropyrimidine
диоксотетрагидрокситетрагидронафталин,dioxotetrahydroxitetrahydronaftalin
диосмектит,diosmectite
диосмин,diosmin
дипиридамол,dipyridamole
дистигмина бромид,distigmine bromide
дисульфирам,disulfiram
дифенгидрамин,diphenhydramine
дифторкортолон,diflucortolone
дихлорбензиловый спирт,dichlorobenzyl alcohol
дицикловерин,dicycloverine
диэтиламина салицилат,diethylamine salicylate
диэтиловый эфир,ether
добутамин,dobutamine
докозанол,docosanol
доксазозин,doxazosin
доксиламин,doxylamine
доксициклин,doxycycline
доксорубицин,doxorubicin
докузат натрия,docusate sodium
долутегравир,dolutegravir
домперидон,domperidone
донепезил,donepezil
допамин,dopamine
доравирин,doravirine
дорзоламид,dorzolamide
дорипенем,doripenem
дорназа альфа,dornase alfa
доцетаксел,docetaxel
дронедарон,dronedarone
дроперидол,droperidol
дроспиренон,drospirenone
дротаверин,drotaverine
дротрекогин альфа (активированный),drotrecogin alfa (activated)
дувелисиб,duvelisib
дулаглутид,dulaglutide
дулоксетин,duloxetine
дупилумаб,dupilumab
дурвалумаб,durvalumab
дутастерид,dutasteride
душица обыкновенная,Origanum vulgare
дымянки лекарственной трава,Fumariae herba
желатин,gelatin
железа (III) гидроксид полимальтозат,iron polymaltose
железа [III] гидроксид декстран,iron [III] dextran hydroxide
железа [III] гидроксид олигоизомальтозат,iron oligoisomaltose
железа глюконат,ferrous gluconate
железа карбоксимальтозат,ferric carboxymaltose
железа протеин сукцинилат,iron proteinsuccinylate
железа сульфат,ferrous sulfate
железа фумарат,ferrous fumarate
железо-сахарозный комплекс,iron sucrose
желчь,bile
женьшень,Ginseng
залеплон,zaleplon
залцитабин,zalcitabine
занамивир,zanamivir
занубрутиниб,zanubrutinib
зафирлукаст,zafirlukast
зверобоя трава,Hyperici herba
зидовудин,zidovudine
зипрасидон,ziprasidone
змеевика корневища,rhizomata Bistortae
золедроновая кислота,zoledronic acid
золмитриптан,zolmitriptan
золотарник канадский,Goldenrod
золототысячника трава,Centaurii herba
золпидем,zolpidem
зонисамид,zonisamide
зопиклон,zopiclone
зофеноприл,zofenopril
зуклопентиксол,zuclopenthixol
ибандроновая кислота,ibandronic acid
ибритумомаб тиуксетан,ibritumomab tiuxetan
ибрутиниб,ibrutinib
ибупрофен,ibuprofen
ибутилид,ibutilide
ивабрадин,ivabradine
ивакафтор,ivacaftor
ивермектин,ivermectin
идарубицин,idarubicin
идаруцизумаб,idarucizumab
идебенон,idebenone
идоксуридин,idoxuridine
идурсульфаза,idursulfase
идурсульфаза бета,idursulfase beta
изавуконазол,isavuconazole
изатуксимаб,isatuximab
изоконазол,isoconazole
изолейцин,isoleucine
изониазид,isoniazid
изосорбида динитрат,isosorbide dinitrate
изосорбида мононитрат,isosorbide mononitrate
изотретиноин,isotretinoin
изофлуран,isoflurane
израдипин,isradipine
икатибант,icatibant
икодекстрин,icodextrin
иксабепилон,ixabepilone
иксазомиб,ixazomib
иксекизумаб,ixekizumab
илопрост,iloprost
иматиниб,imatinib
имбирь,Ginger
имиглюцераза,imiglucerase
имидазолилэтанамид пентандиовой кислоты,pentanedioic acid imidazolyl ethanamide
имидафенацин,imidafenacin
имипенем,imipenem
имипрамин,imipramine
имихимод,imiquimod
иммуноглобулин анти-Т лимфоцитарный животного происхождения для применения у человека,"anti-T lymphocyte immunoglobulin for human use, animal"
иммуноглобулин против клещевого энцефалита,immunoglobulin encephalitidis ixodicae
иммуноглобулин человека нормальный,human normal immunoglobulin
иммуноглобулин человека нормальный [IgG+IgA+IgM],human normal immunoglobulin [IgG+IgA+IgM]
иммуноглобулин человека против COVID-19,human immunoglobulin against COVID-19
иммуноглобулин человеческий нормальный для в/в введения,human normal immunoglobulin for intravenous administration
иммуноглобулин человеческий против гепатита B,human hepatitis B immunoglobulin
инвертированный сахар,invert sugar
индакатерол,indacaterol
индапамид,indapamide
индиго кармин,indigo carmine
индинавир,indinavir
индобуфен,indobufen
индолкарбинол,indolcarbinol
индометацин,indometacin
индоцианин зеленый,indocyanine green
инклисиран,inclisiran
инозин,inosine
инозин пранобекс,inosine pranobex
инозина глицил-цистеинил-глутамат динатрия,inosine glicyl-cysteinyl-glutamate disodium
инозитол,inositol
инотузумаб озогамицин,inotuzumab ozogamicin
инсулин аспарт,insulin aspart
инсулин аспарт двухфазный,insulin aspart - biphasic
инсулин гларгин,insulin glargine
инсулин глулизин,insulin glulisine
инсулин деглудек,insulin degludec
инсулин детемир,insulin detemir
инсулин для инъекций растворимый,"insulin injection, soluble"
инсулин лизпро,insulin lispro
инсулин лизпро двухфазный,insulin lispro - biphasic
инсулин растворимый [человеческий генно-инженерный],insulin soluble [human genetically engineered]
инсулин человеческий,insulin human
инсулин-изофан (человеческий генно-инженерный),human insulin isophane rDNA origin
инсулин-изофан двухфазный для инъекций,biphasic isophane insulin injection
интерферон альфа,interferon alfa
интерферон альфа-2a,interferon alfa-2a
интерферон альфа-2b,interferon alfa-2b
интерферон бета-1a,interferon beta-1a
интерферон бета-1b,interferon beta-1b
интерферон гамма,interferon gamma
инфликсимаб,infliximab
иохимбин,yohimbine
ипекакуана,Ipecacuanha
ипидакрин,ipidacrine
ипилимумаб,ipilimumab
ипраглифлозин,ipragliflozin
ипратропия бромид,ipratropium bromide
ирбесартан,irbesartan
иринотекан,irinotecan
итоприд,itopride
итраконазол,itraconazole
ифосфамид,ifosfamide
ихтаммол (ихтиол),ichthammol
йобитридол,iobitridol
йоверсол,ioversol
йогексол,iohexol
йод,iodine
йодамид,iodamide
йодиксанол,iodixanol
йоксагловая кислота,ioxaglic acid
йокситаламовая кислота,ioxitalamic acid
йомепрол,iomeprol
йопамидол,iopamidol
йопромид,iopromide
кабазитаксел,cabazitaxel
каберголин,cabergoline
кабозантиниб,cabozantinib
каботегравир,cabotegravir
каланхоэ,Kalanchoe
калган настоящий,Tormentil
календулы цветки,Calendulae flos
калий-железо гексацианоферрат,potassium-iron hexacyanoferrate
калина обыкновенная,Viburnum opulus
калия аспарагинат и магния аспарагинат,potassium aspartate &amp; magnesium aspartate
калия ацетат,potassium acetate
калия бикарбонат,potassium bicarbonate
калия йодид,potassium iodide
калия натрия гидроцитрат,potassium sodium hydrocitrate
калия нитрат,potassium nitrate
калия перманганат,potassium permanganate
калия сульфат,potassium sulphate
калия хлорид,potassium chloride
кальципотриол,calcipotriol
кальцитонин,calcitonin
кальцитриол,calcitriol
кальция ацетат,calcium acetate
кальция гидрофосфат,calcium hydrogen phosphate
кальция глюконат,calcium gluconate
кальция добезилат,calcium dobesilate
кальция карбонат,calcium carbonate
кальция лактоглюконат,calcium lactate gluconate
кальция левомефолат,levomefolate calcium
кальция пантотенат,calcium pantothenate
кальция полистиролсульфонат,calcium polystyrene sulphonate
кальция тринатрия пентетат,calcium trisodium pentetate
кальция фолинат,calcium folinate
кальция фосфат,calcium phosphate
кальция хлорид,calcium chloride
камилофин,camylofin
камфора,camphor
канаглифлозин,canagliflozin
канакинумаб,canakinumab
канамицин,kanamycin
кандесартан,candesartan
канифоль,rosin Pine
капецитабин,capecitabine
капматиниб,capmatinib
капреомицин,capreomycin
капсаицин,capsaicin
каптоприл,captopril
карбамазепин,carbamazepine
карбахол,carbachol
карбетоцин,carbetocin
карбидопа,carbidopa
карбиноксамин,carbinoxamine
карбомер,carbomer
карбонат лантана,lanthanum carbonate
карбоплатин,carboplatin
карбоцистеин,carbocisteine
карведилол,carvedilol
карглумовая кислота,carglumic acid
карипразин,cariprazine
кармеллоза,carmellose
кармустин,carmustine
карнитин,carnitine
картофельный крахмал,potato starch
картофеля побегов сумма полисахаридов,Sum of Potato shoots polysaccharides
картофеля побегов экстракт,Solanum tuberosum cormus extract
карфилзомиб,carfilzomib
каспофунгин,caspofungin
касторовое масло,castor oil
катумаксомаб,catumaxomab
кветиапин,quetiapine
келлин,khellin
кетамин,ketamine
кетоконазол,ketoconazole
кетопрофен,ketoprofen
кеторолак,ketorolac
кетотифен,ketotifen
кислород газообразный,oxygen
клавулановая кислота,clavulanic acid
кладрибин,cladribine
кларитромицин,clarithromycin
клемастин,clemastine
кленбутерол,clenbuterol
клиндамицин,clindamycin
клиохинол,clioquinol
клобазам,clobazam
клобетазол,clobetasol
клодроновая кислота,clodronic acid
клозапин,clozapine
кломипрамин,clomipramine
кломифен,clomifene
клоназепам,clonazepam
клонидин,clonidine
клопамид,clopamide
клопидогрел,clopidogrel
клотримазол,clotrimazole
клофазимин,clofazimine
клофарабин,clofarabine
ко-тримоксазол,co-trimoxazole
кобиметиниб,cobimetinib
кобицистат,cobicistat
кодеин,codeine
кожура плодов померанца горького,Bitter-orange epicarp and mesocarp
кокарбоксилаза,cocarboxylase
колекальциферол,colecalciferol
колистиметат натрия,colistimethate sodium
коллаген,collagen
коллагеназа,collagenase
колфосцерила пальмитат,colfosceril palmitate
колхицин,colchicin
конестат альфа,conestat alfa
конский каштан,Horse chestnut
копеечник забытый,Hedysarum neglectum
кора дуба,Oak bark
кора ивы,Willow bark
коревая вакцина (живая),measles vaccine (live)
корень дудника (дягиля),Angelicae radix
корень колючника бесстебельного,Carlinae radix
корень крапивы,Urticae radix
корень любистока лекарственного,Levistici radix
корень петрушки,Petroselini radix
корень стальника,Ononidis radix
кориандр,Coriander
корифоллитропин альфа,corifollitropin alfa
коричное дерево,Cinnamon
корневища ириса германского,Iridis rhizoma
корневища куркумы длинной (турмерик),Curcumae longae rhizoma
корни аралии маньчжурской,radices Araliae mandshuricae
корни и трава одуванчика,Taraxaci radix cum herba
корни первоцвета,Primulae radix
кортизон,cortisone
кофеин,caffeine
кофеина цитрат,caffeine citrate
кошачьего когтя коры экстракт,Cat's Claw bark extract
крапива,Urtica
красавка,Belladonna
красный клевер,Red clover
кремния диоксид коллоидный,colloidal silicon dioxide
кризотиниб,crizotinib
кровохлебки корневище с корнями,rhizoma cum radicibus Sanguisorbae
кромоглициевая кислота,cromoglicic acid
крушины кора,Frangula bark
крушины слабительной трава,Rhamni catharticae fructus
ксантинола никотинат,xantinol nicotinate
ксенон,xenon
ксероформ,xeroform
ксилитол,xylitol
ксилометазолин,xylometazoline
ксимелагатран,ximelagatran
кукурузные рыльца,Corn silk
лакосамид,lacosamide
лактитол,lactitol
Лактобактерии,Lactobacillus
лактобактерии  ацидофильные,Lactobacillus acidophilus
Лактобациллус плантарум,Lactobacillus plantarum
лактулоза,lactulose
ламивудин,lamivudine
ламинарии липидно-йодный комплекс,Laminaria's  lipid-iodine complex
ламотриджин,lamotrigine
ланаделумаб,lanadelumab
ланатозид C,lanatoside C
ланреотид,lanreotide
лансопразол,lansoprazole
лапатиниб,lapatinib
лаппаконитина гидробромид,lappaconitine hydrobromide
лапчатки прямостоячей корневища,Potentilla erecta root
ларонидаза,laronidase
ларопипрант,laropiprant
ларотректиниб,larotrectinib
латанопрост,latanoprost
лауромакрогол 400,lauromacrogol 400
лауромакрогол 600,lauromacrogol 600
лахинимод,laquinimod
лацидипин,lacidipine
левамизол,levamisole
леветирацетам,levetiracetam
левзеи сафлоровидной корневища с корнями,rhizomata cum radicibus Leuzeae carthamoidis
левилимаб,levilimab
левобупивакаин,levobupivacaine
леводопа,levodopa
леводропропизин,levodropropizine
левокабастин,levocabastine
левокарнитин,levocarnitine
левоментол,levomenthol
левоментола раствор в ментилизовалерате,levomenthol solution in menthyl isovalerat
левомепромазин,levomepromazine
левоноргестрел,levonorgestrel
левосимендан,levosimendan
левотироксин натрия,levothyroxine sodium
левофлоксацин,levofloxacin
левоцетиризин,levocetirizine
ледипасвир,ledipasvir
лейпрорелин,leuprorelin
лейцин,leucine
леналидомид,lenalidomide
ленватиниб,lenvatinib
ленограстим,lenograstim
леримазолин,lerimazoline
лерканидипин,lercanidipine
леспедеза головчатая,Lespedeza capitata
леспедеза двухцветная,Lespedeza bicolor
летермовир,letermovir
летрозол,letrozole
лефлуномид,leflunomide
лецитин,lecithin
лидокаин,lidocaine
лизин,lysine
лизиноприл,lisinopril
лизозим,lysozyme
ликсисенатид,lixisenatide
лимонная кислота,citric acid
лимонник китайский,Schisandra chinensis
линаглиптин,linagliptin
линезолид,linezolid
линкомицин,lincomycin
линэстренол,lynestrenol
лиотиронин,liothyronine
липа,Tilia
липэгфилграстим,lipegfilgrastim
лираглутид,liraglutide
листья вахты трилистной,Bogbean leaf
листья эвкалипта,Eucalypti folium
лития карбонат,lithium carbonate
ловастатин,lovastatin
лозартан,losartan
ломефлоксацин,lomefloxacin
ломустин,lomustine
лоноктоког альфа,lonoctocog alfa
лоперамид,loperamide
лопинавир,lopinavir
лопуха корень,Burdock root
лоразепам,lorazepam
лоратадин,loratadine
лорлатиниб,lorlatinib
лорноксикам,lornoxicam
лубипростон,lubiprostone
лук репчатый,Onion
лумакафтор,lumacaftor
луразидон,lurasidone
лутропин альфа,lutropin alfa
льна семя,Linseed oil
мабупрофен,mabuprofen
магалдрат,magaldrate
магния ацетата тетрагидрат,magnesium acetate tetrahydrate
магния гидроксид,magnesium hydroxide
магния карбонат,magnesium carbonate
магния лактат,magnesium lactate
магния оксид,magnesium oxide
магния оротат,"orotic acid, magnesium salt"
магния оротат,magnesium orotate
магния салицилат,magnesium salicylate
магния сульфат,magnesium sulphate
магния трисиликат,magnesium trisilicate
магния фосфат,magnesium phosphate
магния хлорид,magnesium chloride
магния цитрат,magnesium citrate
мазипредон,mazipredone
макрогол,macrogol
малатион,malathion
мангафодипир,mangafodipir
маннитол,mannitol
мапротилин,maprotiline
маравирок,maraviroc
марганца глюконат,manganese gluconate
марганца пидолат,magnesium pidolate
марганца сульфат,manganese sulfate
марганца сульфат моногидрат,manganese sulphate monohydrate
марганца хлорид,manganese chloride
марена красильная,Rubia tinctorum
масло гвоздичное,Clove oil
масло Кориандра,Coriander oil
масло коры коричника ароматного,"Cinnamon bark oil, ceylon"
масло лавандовое,Lavender oil
масло мяты перечной,Peppermint oil
масло розмарина,Rosemary oil
масло тимьяна,Thyme oil
масло фенхеля,Fennel oil
масло эвкалипта,Eucalyptus oil
маточное молоко,royal jelly
мать-и-мачехи листья,Farfarae folium
мацитентан,macitentan
мебгидролин,mebhydrolin
мебеверин,mebeverine
мебендазол,mebendazole
меброфенин,mebrofenin
мегестрол,megestrol
меглюмин,meglumine
меглюмина акридонацетат,meglumine acridonacetate
меглюмина натрия сукцинат,meglumine sodium succinate
мед,Honey
медазепам,medazepam
меди глюконат,copper gluconate
меди сульфат безводный,"copper sulphate, anhydrous"
меди сульфат пентагидрат,"copper sulphate, pentahydrate"
меди хлорид,cupric chloride
медроксипрогестерон,medroxyprogesterone
международное непатентованное наименование не присвоено,non appropriated
мезокарб,mesocarb
меклосамин,mecloxamine
мексилетин,mexiletine
мелагатран,melagatran
мелатонин,melatonin
мелиссы лекарственной листьев экстракт,extractum foliorum Melissae officinalis
мелоксикам,meloxicam
мелфалан,melphalan
мельдоний,meldonium
мемантин,memantine
менадион,menadione
менингококковая конъюгированная вакцина группы С,meningococcal group C conjugate vaccine
менотропины,menotropins
ментол,menthol
мепартрицин,mepartricin
мепивакаин,mepivacaine
мепирамин,mepyramine
меполизумаб,mepolizumab
меркаптопурин,mercaptopurine
меропенем,meropenem
месалазин,mesalazine
месна,mesna
местеролон,mesterolone
метадоксин,metadoxine
метазид,metazide
метамизол натрия,metamizole sodium
метандиенон,metandienone
метенамин,methenamine
метиламинолевулинат,methyl aminolevulinate
метилдопа,methyldopa
метилналтрексона бромид,methylnaltrexone bromide
метилпреднизолон,methylprednisolone
метилпреднизолона ацепонат,methylprednisolone aceponate
метилсалицилат,methyl salicylate
метилтиониний хлорид,methylthioninium chloride
метилэргометрин,methylergometrine
метилэтилпиридинол,methylethylpiridinol
метионин,methionine
метогекситал,methohexital
метоклопрамид,metoclopramide
метоксален,methoxsalen
метоксиполиэтиленгликоль-эпоэтин бета,methoxy polyethylene glycol-epoetin beta
метопролол,metoprolol
метотрексат,methotrexate
метоциния йодид,metocinium iodide
метронидазол,metronidazole
метформин,metformin
мефлохин,mefloquine
мехитазин,mequitazine
миансерин,mianserin
мивакурия хлорид,mivacurium chloride
миглустат,miglustat
мидазолам,midazolam
мидекамицин,midecamycin
мидодрин,midodrine
мидостаурин,midostaurin
мизопростол,misoprostol
микафунгин,micafungin
миконазол,miconazole
микофенолата мофетил,mycophenolate mofetil
микофеноловая кислота,mycophenolic acid
милнаципран,milnacipran
миноксидил,minoxidil
миноциклин,minocycline
мирабегрон,mirabegron
миристалкония хлорид,miristalkonium chloride
мирра камедь,myrrh
миртазапин,mirtazapine
митоксантрон,mitoxantrone
митомицин,mitomycin
митотан,mitotane
мифепристон,mifepristone
можжевельника плоды,Juniper berry
моклобемид,moclobemide
моксастин,moxastine
моксифлоксацин,moxifloxacin
моксонидин,moxonidine
молграмостим,molgramostim
молнупиравир,molnupiravir
молочная кислота,lactic acid
молсидомин,molsidomine
мометазон,mometasone
монтелукаст,montelukast
морацизин,moracizine
морковь дикая,Wild carrot
мороктоког альфа,moroctocog alfa
морская вода,sea water
морская капуста,Laminaria
морфин,morphine
мочевина,urea
мочевины пероксид,carbamide peroxyde
моэксиприл,moexipril
мупироцин,mupirocin
муравьиная кислота,formic acid
мускатный орех,Nutmeg
мышьяка триоксид,arsenic trioxide
мята лимонная,Melissa
мята перечная,Peppermint
мяты перечной листье экстракт,extractum foliorum Menthae piperitae
надид,nadide
надропарин кальция,nadroparin calcium
налбуфин,nalbuphine
налидиксовая кислота,nalidixic acid
налмефен,nalmefene
налоксон,naloxone
налтрексон,naltrexone
нандролон,nandrolone
напроксен,naproxen
наратриптан,naratriptan
нарлапревир,narlaprevir
натализумаб,natalizumab
натамицин,natamycin
натеглинид,nateglinide
натрия алгинат,sodium alginate
натрия амидотризоат,sodium amidotrizoate
натрия аминосалицилат,aminosalicylate sodium
натрия ацетат,sodium acetate
натрия бензоат,sodium benzoate
натрия бромид,sodium bromide
натрия гиалуронат,hyaluronate sodium
натрия гидрокарбонат,sodium bicarbonate
натрия гидрофосфат,sodium hydrogen phosphate
натрия гипохлорит,sodium hypochlorite
натрия глицирризинат,sodium glycyrrhizate
натрия глюконат,sodium gluconate
натрия дигидрофосфат,sodium dihydrogen phosphate
натрия йодид,sodium iodide
натрия лактат,sodium lactate
натрия лактата раствор сложный,compound solution of sodium lactate
натрия лаурилсульфоацетат,sodium lauryl sulfoacetate
натрия молибдат дигидрат,sodium molybdate dihydrate
натрия нуклеоспермат,sodium nucleospermate
натрия оксибутират,sodium oxybutyrate
натрия пикосульфат,sodium picosulfate
натрия полипренилфосфат,sodium polyprenyl phosphate
натрия селенит пентагидрат,sodium selenite pentahydrate
натрия тетраборат,sodium tetraborate
натрия тетрадецил сульфат,sodium tetradecyl sulfate
натрия тиосульфат,sodium thiosulphate
натрия фторид,sodium fluoride
натрия хлорид,sodium chloride
натрия хлорида раствор сложный,compound solution of sodium chloride
натрия циркония циклосиликат,sodium zirconium cyclosilicate
натрия цитрат,sodium citrate
нафазолин,naphazoline
нафтидрофурил,naftidrofuryl
нафтифин,naftifine
небиволол,nebivolol
невирапин,nevirapine
недокромил,nedocromil
неларабин,nelarabine
нелфинавир,nelfinavir
немоноксацин,nemonoxacin
неомицин,neomycin
неостигмина метилсульфат,neostigmine methylsulphate
непафенак,nepafenac
нетакимаб,netakimab
нетилмицин,netilmicin
нетупитант,netupitant
нефопам,nefopam
ниволумаб,nivolumab
никетамид,nikethamide
никобоксил,nicoboxil
никорандил,nicorandil
никотин,nicotine
никотинамид,nicotinamide
никотиновая кислота,nicotinic acid
никотиноил гамма-аминомасляная кислота,nicotinoyl gamma-aminobutyric acid
нилотиниб,nilotinib
нимесулид,nimesulide
нимодипин,nimodipine
ниморазол,nimorazole
нинтеданиб,nintedanib
нирматрелвир,nirmatrelvir
нистатин,nystatin
нитизинон,nitisinone
нитразепам,nitrazepam
нитрендипин,nitrendipine
нитроглицерин (глицерил тринитрат),nitroglycerin
нитроксолин,nitroxoline
нитропруссид натрия,sodium nitroprusside
нитрофурал,nitrofural
нитрофурантоин,nitrofurantoin
нифедипин,nifedipine
нифлумовая кислота,niflumic acid
нифурател,nifuratel
нифуроксазид,nifuroxazide
ницерголин,nicergoline
номегэстрол,nomegestrol
нонаког альфа,nonacog alfa
нонаког гамма,nonacog gamma
нонивамид,nonivamide
ноноксинол,nonoxinol
норгестимат,norgestimate
норгестрел,norgestrel
норфлоксацин,norfloxacin
норэлгестромин,norelgestromin
норэпинефрин,norepinephrine
норэтистерон,norethisterone
носкапин,noscapine
нусинерсен,nusinersen
обинутузумаб,obinutuzumab
облепиховое масло,Hippophaes oleum
овес посевной,Avena
озанимод,ozanimod
окрелизумаб,ocrelizumab
оксазепам,oxazepam
оксалиплатин,oxaliplatin
оксациллин,oxacillin
оксерутины,oxerutins
оксибупрокаин,oxybuprocaine
оксибутинин,oxybutynin
оксикодон,oxycodone
оксиконазол,oxiconazole
оксиметазолин,oxymetazoline
окситетрациклин,oxytetracycline
окситоцин,oxytocin
оксифедрин,oxyfedrine
оксихинолина сульфат,oxyquinoline sulfate
оксиэтиламмония метилфеноксиацетат,oxyethylammonium methylphenoxy acetate
окскарбазепин,oxcarbazepine
оксодигидроакридинилацетат натрия,oxodihydroacridinylacetate sodium
октенидин,octenidine
октоког альфа,octocog alfa
октреотид,octreotide
оланзапин,olanzapine
олапариб,olaparib
оларатумаб,olaratumab
олеандомицин,oleandomycin
оливковое масло,Olive oil
олмесартан медоксомил,olmesartan medoxomil
олодатерол,olodaterol
олокизумаб,olokizumab
олопатадин,olopatadine
ольхи соплодия,Alni fructus
омализумаб,omalizumab
омбитасвир,ombitasvir
омела,Visci herba
омепразол,omeprazole
омоконазол,omoconazole
онасемноген абепарвовек,onasemnogene abeparvovec
ондансетрон,ondansetron
онделопран,ondelopran
опрельвекин,oprelvekin
орлистат,orlistat
орнидазол,ornidazole
орнитин,ornithine
оротовая кислота,orotic acid
орфенадрин,orphenadrine
осельтамивир,oseltamivir
осимертиниб,osimertinib
отилония бромид,otilonium bromide
офатумумаб,ofatumumab
офлоксацин,ofloxacin
очищенная микронизированная флавоноидная фракция (диосмин+флавоноиды в пересчете на гесперидин),micronised purified flavonoid fraction (diosmin+flavonoids expressed as hesperidin)
пазопаниб,pazopanib
паклитаксел,paclitaxel
палбоциклиб,palbociclib
паливизумаб,palivizumab
палиперидон,paliperidone
палоносетрон,palonosetron
памабром,pamabrom
памидроновая кислота,pamidronic acid
панитумумаб,panitumumab
панкреатин,pancreatin
панкурония бромид,pancuronium bromide
панобиностат,panobinostat
пантов благородного оленя экстракт,red deer antler extract
пантопразол,pantoprazole
пантотеновая кислота,pantothenic acid
папаверин,papaverine
папаин,papain
паратиреоидный гормон,parathyroid hormone
парафин жидкий (вазелиновое масло),"paraffin, liquid"
парафин мягкий белый (вазелин),"paraffin, white soft"
парацетамол,paracetamol
парекоксиб,parecoxib
парикальцитол,paricalcitol
паритапревир,paritaprevir
парнапарин натрия,parnaparin sodium
пароксетин,paroxetine
пасиреотид,pasireotide
пассифлора (страстоцвет),Passiflora
пеларгонии корень,Pelargonium root
пелубипрофен,pelubiprofen
пембролизумаб,pembrolizumab
пеметрексед,pemetrexed
пеницилламин,penicillamine
пенициллин G прокаин,penicillin G procaine
пентакрахмал (гидроксиэтилированный крахмал 200/0.5),pentastarch
пентаэритритила тетранитрат,pentaerithrityl tetranitrate
пентетреотид,pentetreotide
пентозана полисульфат натрия,pentosan polysulfate sodium
пентоксифиллин,pentoxifylline
пенцикловир,penciclovir
пепсин,pepsin
пептидно-белковый комплекс из природных пептидов и цитокинов,natural peptides and cytokines peptide-protein complex
перампанел,perampanel
перец стручковый,Capsicum
периндоприл,perindopril
перициазин,periciazine
перметрин,permethrin
пертузумаб,pertuzumab
перуанский бальзам,peru balsam
перфеназин,perphenazine
перца водяного трава,Polygonum hydropiper
пефлоксацин,pefloxacin
пибрентасвир,pibrentasvir
пидотимод,pidotimod
пиклоксидин,picloxydine
пиксантрон,pixantrone
пилокарпин,pilocarpine
пимекролимус,pimecrolimus
пинаверия бромид,pinaverium bromide
пиндолол,pindolol
пиоглитазон,pioglitazone
"пиона уклоняющегося трава, корневища и корни","Peony evading herb, rhizomes and roots"
пипекурония бромид,pipecuronium bromide
пипемидовая кислота,pipemidic acid
пиперазина адипат,piperazine adipate
пиперациллин,piperacillin
пиперонил бутоксид,piperonyl butoxide
пипофезин,pipofezine
пиразинамид,pyrazinamide
пирантел,pyrantel
пирацетам,piracetam
пирензепин,pirenzepine
пиреноксин,pirenoxine
пирибедил,piribedil
пиридоксин,pyridoxine
пиридостигмина бромид,pyridostigmine bromide
пириметамин,pyrimethamine
пиритинол,pyritinol
пиритион цинк,pyrithione zinc
пирлиндол,pirlindole
пироксикам,piroxicam
пирфенидон,pirfenidone
питавастатин,pitavastatin
питофенон,pitofenone
пихты масло,Fir oil
пластохиноилдецилтрифенилфосфония бромид,plastochinonyldecyltriphenylphosphonium bromide
платифиллин,platyphylline
плериксафор,plerixafor
плоды кардамона настоящего,Cardamom fruit
плюща обыкновенного листьев экстракт,extractum foliorum Hederae Helix
повидон,povidone
повидон-йод,povidone-iodine
поджелудочной железы порошок,pancreas powder
подорожник большой,Plantago major
подорожник овальный,Plantago ovata
подофиллотоксин,podophyllotoxin
позаконазол,posaconazole
полатузумаб ведотин,polatuzumab vedotin
поливиниловый спирт,polyvinyl alcohol
поливинокс,polyvinox
полигексанид,polihexanide
поликрезулен,policresulen
полиметилсилоксана полигидрат,polymethylsiloxane polyhydrate
полимиксин B,polymyxin B
полипептиды коры головного мозга скота,polypeptides of cattle cerebral cortex
полипептиды мочевого пузыря крупного рогатого скота,cattle bladder polypeptides
полипептиды семенников крупного рогатого скота,cattle testes polypeptides
полипептиды сетчатки глаз скота,polypeptides of cattle retina
полипептиды сосудов крупного рогатого скота,cattle vessels polypeptides
полипептиды эпифиза крупного рогатого скота,cattle pineal gland polypeptides
полиэстрадиол фосфат,polyestradiol phosphate
полмакоксиб,polmacoxib
полоксамер,poloxamer
полынь,Absinthium
помалидомид,pomalidomide
понатиниб,ponatinib
порактант альфа,poractant alfa
почечного чая листья,orthosiphonis folium
правастатин,pravastatin
празиквантел,praziquantel
прамипексол,pramipexole
прасугрел,prasugrel
прегабалин,pregabalin
преднизолон,prednisolone
преноксдиазин,prenoxdiazine
прилокаин,prilocaine
примидон,primidone
прифиния бромид,prifinium bromide
прогестерон,progesterone
прокаин,procaine
прокаин бензилпенициллин,procaine benzylpenicillin
прокаинамид,procainamide
прокарбазин,procarbazine
проксиметакаин,proxymetacaine
проксодолол,proxodolol
пролголимаб,prolgolimab
пролин,proline
промазин,promazine
проместриен,promestriene
прометазин,promethazine
пропафенон,propafenone
пропилтиоурацил,propylthiouracil
пропифеназон,propyphenazone
прополис,propolis
пропофол,propofol
пропранолол,propranolol
пророксан,proroxan
проспидия хлорид,prospidium chloride
простаты экстракт,prostate extract
протамина сульфат,protamine sulfate
протеин С,protein C
протионамид,protionamide
протромбиновый комплекс человеческий,human prothrombin complex
проурокиназа,prourokinase
прукалоприд,prucalopride
псевдоэфедрин,pseudoephedrine
пэгаспаргаза,pegaspargase
пэгвисомант,pegvisomant
пэгинтерферон альфа-2a,peginterferon alfa-2a
пэгинтерферон альфа-2b,peginterferon alfa-2b
пэгинтерферон бета-1a,peginterferon beta-1a
пэгфилграстим,pegfilgrastim
рабепразол,rabeprazole
радия хлорид [223 Ra],radium chloride [223 Ra]
разагилин,rasagiline
ралоксифен,raloxifene
ралтегравир,raltegravir
ралтитрексид,raltitrexed
рамиприл,ramipril
рамуцирумаб,ramucirumab
ранибизумаб,ranibizumab
ранитидин,ranitidine
ранолазин,ranolazine
расторопши пятнистой плоды,Cardui mariae fructus
раувольфия змеиная,Rauwolfia serpentina
рацекадотрил,racecadotril
рацементол,racementhol
ребамипид,rebamipide
ребоксетин,reboxetine
регорафениб,regorafenib
резерпин,reserpine
резорцинол,resorcinol
ремдесивир,remdesivir
ремифентанил,remifentanil
репаглинид,repaglinide
реслизумаб,reslizumab
ретапамулин,retapamulin
ретигабин,retigabine
ретинол,retinol
риамиловир,riamilovir
рибавирин,ribavirin
рибонуклеаза,ribonuclease
рибонуклеат натрия,sodium ribonucleate
рибофлавин,riboflavin
рибоциклиб,ribociclib
ривароксабан,rivaroxaban
ривастигмин,rivastigmine
ризатриптан,rizatriptan
ризедроновая кислота,risedronic acid
рилменидин,rilmenidine
рилпивирин,rilpivirine
римантадин,rimantadine
римонабант,rimonabant
риоцигуат,riociguat
рисанкизумаб,risankizumab
рисдиплам,risdiplam
рисперидон,risperidone
ритонавир,ritonavir
ритуксимаб,rituximab
рифабутин,rifabutin
рифаксимин,rifaximin
рифамицин,rifamycin
рифампицин,rifampicin
рифапентин,rifapentine
РНК двуспиральной натриевая соль,double-stranded RNA sodium salt
розмарин,Rosemary
розмарина листья,Rosmarini folium
розувастатин,rosuvastatin
роксадустат,roxadustat
рокситромицин,roxithromycin
рокурония бромид,rocuronium bromide
ролитетрациклин,rolitetracycline
ромашки цветки,Matricaria flowers
ромиплостим,romiplostim
ромосозумаб,romosozumab
ропивакаин,ropivacaine
ропинирол,ropinirole
росиглитазон,rosiglitazone
ротиготин,rotigotine
рофлумиласт,roflumilast
руксолитиниб,ruxolitinib
рупатадин,rupatadine
руриоктоког альфа пэгол,rurioctocog alfa pegol
рутозид,rutoside
руфинамид,rufinamide
рыбий жир,"fish oil, rich in omega-3-acids"
сабельника болотного корневищ настойка,Comarum palustre
саквинавир,saquinavir
саксаглиптин,saxagliptin
сакубитрил,sacubitril
салициламид,salicylamide
салициловая кислота,salicylic acid
салметерол,salmeterol
сальбутамол,salbutamol
сапроптерин,sapropterin
сарилумаб,sarilumab
сатрализумаб,satralizumab
сахароза,sucrose
сахаромицеты буларди,Saccharomyces boulardii
себелипаза альфа,sebelipase alfa
севеламер,sevelamer
севофлуран,sevoflurane
секнидазол,secnidazole
секукинумаб,secukinumab
селегилин,selegiline
селексипаг,selexipag
селен,selenium
селенистая кислота,selenious acid
селуметиниб,selumetinib
семаглутид,semaglutide
семена тыквы,Pumpkin seed
сенна,Senna
сера осажденная,precipitated sulfur
серебра нитрат,silver nitrate
серебра протеинат,silver proteinate
серелаксин,serelaxin
сереноя ползучая,Serenoa repens
серин,serine
серотонин,serotonin
сертаконазол,sertaconazole
сертиндол,sertindole
сертралин,sertraline
серы гексафторид,sulfur hexafluoride
сехифенадин,sequifenadine
сибутрамин,sibutramine
силденафил,sildenafil
силибинин,silibinin
силодозин,silodosin
симальдрат,simaldrate
симвастатин,simvastatin
симепревир,simeprevir
симетикон,simeticone
симоктоког альфа,simoctocog alfa
синекатехины,sinecatechins
сипонимод,siponimod
сиролимус,sirolimus
ситаглиптин,sitagliptin
ситостерол,sitosterol
слива африканская,Pygeum africanum
слизистой тонкой кишки порошок,jejunum mucosa powder
смородины черной плоды,Ribis nigri fructus
соевых бобов масло,Soya-bean oil
солифенацин,solifenacin
солодка,Liquorice
соматропин,somatropin
сорафениб,sorafenib
сорбитол,sorbitol
сосны обыкновенной почки,Pini silvestris gemmae
соталол,sotalol
софоры японской плоды,Sophorae japonicae fructus
софосбувир,sofosbuvir
спарфлоксацин,sparfloxacin
спектиномицин,spectinomycin
спирамицин,spiramycin
спираприл,spirapril
спиронолактон,spironolactone
ставудин,stavudine
стафицин,staphycin
стрептокиназа,streptokinase
стрептомицин,streptomycin
стронция ранелат,strontium ranelate
суворексант,suvorexant
сугаммадекс,sugammadex
сукральфат,sucralfate
суксаметония йодид,suxamethonium iodide
суксаметония хлорид,suxamethonium chloride
сулодексид,sulodexide
сульбактам,sulbactam
сульбутиамин,sulbutiamine
сульпирид,sulpiride
сультамициллин,sultamicillin
сультоприд,sultopride
сульфагуанидин,sulfaguanidine
сульфадиазин серебра,sulfadiazine silver
сульфадиметоксин,sulfadimethoxine
сульфадимидин,sulfadimidine
сульфадоксин,sulfadoxine
сульфален,sulfalene
сульфаниламид,sulfanilamide
сульфасалазин,sulfasalazine
сульфатиазол,sulfathiazole
сульфатиазол серебра,sulfathiazole silver
сульфацетамид,sulfacetamide
сульфаэтидол,sulfaethidole
сульфокамфорная кислота,sulphocamphoric acid
суматриптан,sumatriptan
сунитиниб,sunitinib
супероксиддисмутаза,superoxide dismutase
тадалафил,tadalafil
тазобактам,tazobactam
такролимус,tacrolimus
талазопариб,talazoparib
талиглюцераза альфа,taliglucerase alfa
талинолол,talinolol
тальк,talc
тамоксифен,tamoxifen
тамсулозин,tamsulosin
таннин,tannic acid
тапентадол,tapentadol
таурин,taurine
тафамидис,tafamidis
тафлупрост,tafluprost
тегасерод,tegaserod
тегафур,tegafur
тедизолид,tedizolid
тедуглутид,teduglutide
тейкопланин,teicoplanin
телаванцин,telavancin
телапревир,telaprevir
телбивудин,telbivudine
телмисартан,telmisartan
телотристат,telotristat
темазепам,temazepam
темозоломид,temozolomide
темсиролимус,temsirolimus
тенектеплаза,tenecteplase
теноксикам,tenoxicam
тенонитрозол,tenonitrozole
тенофовир,tenofovir
тенофовира алафенамид,tenofovir alafenamide
теофиллин,theophylline
теразозин,terazosin
тербинафин,terbinafine
теризидон,terizidone
терипаратид,teriparatide
терифлуномид,teriflunomide
терлипрессин,terlipressin
термопсиса ланцетного трава,Thermopsidis lanceolatae herba
тернидазол,ternidazole
терпентинное масло,Turpentine oil
терпин гидрат,terpin hydrate
тестостерон,testosterone
"тестостерон, смесь эфиров","testosterone, mixture of esthers"
тестостерона ундеканоат,testosterone undecanoate
тетрабеназин,tetrabenazine
тетракаин,tetracaine
тетракозактид,tetracosactide
тетраметилтетраазабициклооктандион,tetramethyltetraazabicyclooctandion
тетрациклин,tetracycline
тетризолин,tetryzoline
тетрофосмин,tetrofosmin
технеций [99mTc],technecium [99mTc]
тиамазол,thiamazole
тиамин,thiamine
"тиамфеникол, глицинат ацетилцистеинат","thiamphenicol, glycinate acetylcysteinate"
тиаприд,tiapride
тиболон,tibolone
тигециклин,tigecycline
тизанидин,tizanidine
тикагрелор,ticagrelor
тикарциллин,ticarcillin
тиклопидин,ticlopidine
тиксагевимаб,tixagevimab
тилихинол,tiliquinol
тилорон,tilorone
тильброхинол,tilbroquinol
тимальфазин,thymalfasin
тимол,thymol
тимолол,timolol
тимолола малеат,timolol maleate
тимуса экстракт,thymus extract
тимьян,Thyme
тимьян ползучий,Serpylli herba
тимьяна трава,Thymi herba
тинидазол,tinidazole
тиоконазол,tioconazole
тиоктовая кислота,thioctic acid
тиопентал натрия,thiopental sodium
тиопроперазин,thioproperazine
тиоридазин,thioridazine
тиотепа,thiotepa
тиотриазолин,thiotriazoline
тиотропия бромид,tiotropium bromide
типранавир,tipranavir
тирилазад,tirilazad
тирозил-D-аланил-глицил-фенилаланил-лейцил-аргинина диацетат,tyrosyl-D-alanyl-glycyl-phenylalanyl-leucyl-arginine diacetate
тирозил-D-аланил-глицил-фенилаланил-лейцил-аргинина сукцинат,tyrosyl-D-alanyl-glycyl-phenylalanyl-leucyl-arginine succinate
тирозил-D-аргинил-фенилаланил-глицин амид,tyrosyl-D-arginyl-phenylalanyl-glycin amide
тирозин,tyrosine
тиротрицин,tyrothricin
тиротропин альфа,thyrotropin alfa
тирофибан,tirofiban
титана диоксид,titanium dioxide
тиэтилперазин,thiethylperazine
тмин,Caraway
тобрамицин,tobramycin
токоферол,tocopherol
толкапон,tolcapone
толокнянки обыкновенной листья,Uvae ursi folium
толперизон,tolperisone
толтеродин,tolterodine
толциклат,tolciclate
топирамат,topiramate
топотекан,topotecan
торасемид,torasemide
торемифен,toremifene
тофацитиниб,tofacitinib
тофизопам,tofisopam
тоцилизумаб,tocilizumab
трабектедин,trabectedin
трава Горца почечуйного,herba Polygoni persicariae
трава донника,Meliloti herba
трава ландыша,herba Convallariae
трава подорожника ланцетолистного,Plantaginis lanceolatae herba
трава пустырника,Leonuri herba
трава хвоща,Equiseti herba
травопрост,travoprost
тразодон,trazodone
трамадол,tramadol
трамазолин,tramazoline
траметиниб,trametinib
трандолаприл,trandolapril
транексамовая кислота,tranexamic acid
трастузумаб,trastuzumab
трастузумаб дерукстекан,trastuzumab deruxtecan
трастузумаб эмтанзин,trastuzumab emtansine
треонин,threonine
треосульфан,treosulfan
третиноин,tretinoin
триазолам,triazolam
триамтерен,triamterene
триамцинолон,triamcinolone
триамцинолона ацетонид,triamcinolone acetonide
триацетонамин-4-толуолсульфонат,triacetonamine 4-toluene sulfonate
трибенозид,tribenoside
тригексифенидил,trihexyphenidyl
триентин,trientine
тримебутин,trimebutine
тримекаин,trimecaine
тримеперидин,trimeperidine
триметазидин,trimetazidine
триметоксибензол,trimethoxybenzole
трипролидин,triprolidine
трипсин,trypsin
трипторелин,triptorelin
триптофан,tryptophan
трифаротен,trifarotene
трифлуоперазин,trifluoperazine
трифосаденин,triphosadenine
тровентол,troventol
троксерутин,troxerutin
тромантадин,tromantadine
тромбин,thrombin
трометамол,trometamol
тропикамид,tropicamide
трописетрон,tropisetron
троспия хлорид,trospium chloride
туаминогептан,tuaminoheptane
турмерик яванский,"Turmeric, Javanese"
туроктоког альфа,turoctocog alfa
тысячелистник,Yarrow
уабаин,ouabain
убидекаренон,ubidecarenone
уголь активированный,activated charcoal
уденафил,udenafil
укроп огородный,Anethum graveolens
уксусная кислота,acetic acid
улипристал,ulipristal
умеклидиния бромид,umeclidinium bromide
умифеновир,umifenovir
ундециленовая кислота,undecylenic acid
унопростон,unoprostone
упадацитиниб,upadacitinib
урапидил,urapidil
урокиназа,urokinase
урофоллитропин,urofollitropin
урсодезоксихолевая кислота,ursodeoxycholic acid
устекинумаб,ustekinumab
фабомотизол,fabomotizole
фавипиравир,favipiravir
фактор Виллебранда человеческий,human von Willebrand factor
фамотидин,famotidine
фампридин,fampridine
фамцикловир,famciclovir
фарицимаб,faricimab
фасоли обыкновенной плодов створки,Kidney-bean pods
фебуксостат,febuxostat
фезотеродин,fesoterodine
фексофенадин,fexofenadine
фелодипин,felodipine
феназон,phenazone
феназопиридин,phenazopyridine
фенилаланин,phenylalanine
фенилбутазон,phenylbutazone
фенилсалицилат,phenylsalicylate
фенилтолоксамин,phenyltoloxamine
фенилэфрин,phenylephrine
фениндион,phenindione
фенирамин,pheniramine
фенитоин,phenytoin
фенобарбитал,phenobarbital
фенозановая кислота,phenosanic acid
феноксиметилпенициллин,phenoxymethylpenicillin
феноксиэтанол,phenoxyethanol
фенол,phenol
фенотерол,fenoterol
фенотрин,phenothrin
фенофибрат,fenofibrate
фенпивериния бромид,fenpiverinium bromide
фенспирид,fenspiride
фентанил,fentanyl
фентиконазол,fenticonazole
фенхеля плоды,Foeniculi fructus
фиалки трехцветной полевой трава,field Viola tricolor herb
фибриноген,fibrinogen
фибринолизин (человека),fibrinolysin (human)
филграстим,filgrastim
фимасартан,fimasartan
финастерид,finasteride
финголимод,fingolimod
фитоменадион,phytomenadione
фитонадион,phytonadione
флороглюцинол,phloroglucinol
флувастатин,fluvastatin
флувоксамин,fluvoxamine
флударабина фосфат,fludarabine phosphate
флудрокортизон,fludrocortisone
флуконазол,fluconazole
флумазенил,flumazenil
флуметазон,flumetasone
флунитразепам,flunitrazepam
флуокортолон,fluocortolone
флуоксетин,fluoxetine
флуоресцеин,fluorescein
флуоцинолона ацетонид,fluocinolone acetonide
флупентиксол,flupentixol
флупиртин,flupirtine
флурбипрофен,flurbiprofen
флутамид,flutamide
флутиказон,fluticasone
флутиказона фуроат,fluticasone furoate
флуфеназин,fluphenazine
флуцитозин,flucytosine
фозиноприл,fosinopril
фолиевая кислота,folic acid
фоллитропин альфа,follitropin alfa
фоллитропин бета,follitropin beta
фоллитропин дельта,follitropin delta
фондапаринукс натрия,fondaparinux sodium
фонтурацетам,fonturacetam
формальдегид,formaldehyde
формотерол,formoterol
фосампренавир,fosamprenavir
фосапрепитант,fosaprepitant
фосфазид,phosphazide
фосфокреатин,phosphocreatine
фосфолипиды,phospholipids
фосфомицин,fosfomycin
фотемустин,fotemustine
фрамицетин,framycetin
фреманезумаб,fremanezumab
фроватриптан,frovatriptan
фруктоза,fructose
фталилсульфатиазол,phthalylsulfathiazole
фтивазид,ftivazide
фтордезоксиглюкоза (18F),fludeoxyglucose (18F)
фторметолон,fluorometholone
фторурацил,fluorouracil
фузидовая кислота,fusidic acid
фулвестрант,fulvestrant
фумаровая кислота,fumaric acid
фуразидин,furazidin
фуразолидон,furazolidone
фуросемид,furosemide
хенодезоксихолевая кислота,chenodeoxycholic acid
хетастарч (гидроксиэтилированный крахмал),hetastarch
химотрипсин,chymotrypsin
хинаголид,quinagolide
хинаприл,quinapril
хинидин,quinidine
хинин,quinine
хифенадин,quifenadine
хлоралгидрат,chloral hydrate
хлорамбуцил,chlorambucil
хлорамфеникол,chloramphenicol
хлорбутанол,chlorbutanol
хлоргексидин,chlorhexidine
хлордиазепоксид,chlordiazepoxide
хлормадинон,chlormadinone
хлорнитрофенол,chlornitrophenol
хлорокрезол,chlorocresol
хлоропирамин,chloropyramine
хлороформ,chloroform
хлорохин,chloroquine
хлорпромазин,chlorpromazine
хлорпротиксен,chlorprothixene
хлорталидон,chlorthalidone
хлорфенамин,chlorphenamine
хлорхиналдол,chlorquinaldol
хмеля шишки,Hop strobile
холина альфосцерат,choline alfoscerate
холина битартрат,choline bitartrate
холина салицилат,choline salicylate
холина фенофибрат,choline fenofibrate
хондроитина сульфат натрия,chondroitin sulfate sodium
хориогонадотропин альфа,choriogonadotropin alfa
хрома хлорид,chromic chloride
цветки и листья боярышника,Crataegi folium cum flore
цветки коровяка обыкновенного,Verbasci flos
цветки мальвы,Mallow flower
цветки первоцвета,Primulae flos
цветки пижмы обыкновенной,Tanacetum vulgare flores
целекоксиб,celecoxib
целипролол,celiprolol
целлюлоза микрокристаллическая,microcrystalline cellulose
цепэгинтерферон альфа-2b,cepeginterferon alfa-2b
церитиниб,ceritinib
цертолизумаба пэгол,certolizumab pegol
цеталкония хлорид,cetalkonium chloride
цетилпиридиния хлорид,cetylpyridinium chloride
цетиризин,cetirizine
цетримид,cetrimide
цетрореликс,cetrorelix
цетуксимаб,cetuximab
цефадроксил,cefadroxil
цефазолин,cefazolin
цефаклор,cefaclor
цефалексин,cefalexin
цефалотин,cefalotin
цефамандол,cefamandole
цефдиторен,cefditoren
цефепим,cefepime
цефиксим,cefixime
цефокситин,cefoxitin
цефоперазон,cefoperazone
цефотаксим,cefotaxime
цефпиром,cefpirome
цефподоксим,cefpodoxime
цефтазидим,ceftazidime
цефтаролина фосамил,ceftaroline fosamil
цефтибутен,ceftibuten
цефтизоксим,ceftizoxime
цефтобипрол,ceftobiprole
цефтолозан,ceftolozane
цефтриаксон,ceftriaxone
цефуроксим,cefuroxime
цианамид,cyanamid
цианокобаламин,cyanocobalamin
цидофовир,cidofovir
циклесонид,ciclesonide
циклобарбитал,cyclobarbital
циклобензаприн,cyclobenzaprine
циклопентолат,cyclopentolate
циклопирокс,ciclopirox
циклосерин,cycloserine
циклоспорин,ciclosporin
циклофосфамид,cyclophosphamide
цилазаприл,cilazapril
циластатин,cilastatin
цилгавимаб,cilgavimab
цилостазол,cilostazol
циметидин,cimetidine
цимицифуга,Cimicifuga racemosa
цинакальцет,cinacalcet
цинка аргинил-глицинат,zinc arginyl-glycinate
цинка ацетат основной,"zinc acetate, basic"
цинка бисвиниламидазола диацетат,zinc bisvinylimidazole diacetate
цинка гиалуронат,zinc hyaluronate
цинка оксид,zinc oxide
цинка сульфат,zinc sulfate
цинка хлорид,zinc chloride
цинковая соль ундециленовой кислоты,zinc undecylenate
циннаризин,cinnarizine
цинхокаин,cinchocaine
ципрогептадин,cyproheptadine
ципротерон,cyproterone
ципрофибрат,ciprofibrate
ципрофлоксацин,ciprofloxacin
цисатракурия безилат,cisatracurium besilate
цисплатин,cisplatin
цистеин,cysteine
цистин,cystine
циталопрам,citalopram
цитарабин,cytarabine
цитизин,cytisinum
цитиколин,citicoline
цитохром C,cytochrome C
цитруллина малат,citrulline malate
чайного дерева масло,Tea tree oil
человеческий фактор свертывания крови IX,human coagulation factor IX
человеческий фактор свертывания крови VII,human coagulation factor VII
человеческий фактор свертывания крови VIII,human coagulation factor VIII
чемерицы настойка,Veratrum tincture
череды трава,Bidentis herba
черника,Vaccinium myrtillus
черники обыкновенной плоды,Bilberry fruit
черники обыкновенной побеги,Bilberry shoots
чеснок,garlic
чистотел большой,greater celandine
шалфей,Salviae
шиповника плоды,Rosae fructus
эбастин,ebastine
эверолимус,everolimus
эвкалиптол,eucalyptol
эвоглиптин,evogliptin
эволокумаб,evolocumab
эдоксабан,edoxaban
эзетимиб,ezetimibe
эзомепразол,esomeprazole
эконазол,econazole
эксеместан,exemestane
эксенатид,exenatide
экстракт пиретрума,Pyrethrum extract
экулизумаб,eculizumab
элбасвир,elbasvir
элвитегравир,elvitegravir
элетриптан,eletriptan
элеутерококк,Eleutherococcus
элиглустат,eliglustat
элосульфаза альфа,elosulfase alfa
элотузумаб,elotuzumab
элсульфавирин,elsulfavirine
элтромбопаг,eltrombopag
эмицизумаб,emicizumab
эмпаглифлозин,empagliflozin
эмпэгфилграстим,empegfilgrastim
эмтрицитабин,emtricitabine
эналаприл,enalapril
эналаприлат,enalaprilat
энзалутамид,enzalutamide
энисамия йодид,enisamium iodide
энкорафениб,encorafenib
эноксапарин натрия,enoxaparin sodium
эноксолон,enoxolone
энтакапон,entacapone
энтекавир,entecavir
энтректиниб,entrectinib
энфувиртид,enfuvirtide
эпинастин,epinastine
эпинефрин,epinephrine
эпирубицин,epirubicin
эплеренон,eplerenone
эпоэтин альфа,epoetin alfa
эпоэтин бета,epoetin beta
эпоэтин тета,epoetin theta
эпросартан,eprosartan
эптаког альфа (активированный),eptacog alfa (activated)
эптифибатид,eptifibatide
эрвы шерстистой трава,Aervae lanatae herba
эргокальциферол,ergocalciferol
эргометрин,ergometrine
эрготамин,ergotamine
эрдостеин,erdosteine
эренумаб,erenumab
эрибулин,eribulin
эритромицин,erythromycin
эрлотиниб,erlotinib
эртапенем,ertapenem
эртуглифлозин,ertugliflozin
эсатенолол,esatenolol
эсдепаллетрин,esdepallethrine
эсликарбазепина ацетат,eslicarbazepine acetate
эсмолол,esmolol
эстазолам,estazolam
эстетрол,estetrol
эстрадиол,estradiol
эстрадиола валерат,estradiol valerate
эстрамустин,estramustine
эстриол,estriol
эсцин,aescine
эсцина лизинат,aescini lysinas
эсциталопрам,escitalopram
этакриновая кислота,etacrynic acid
этамбутол,ethambutol
этамзилат,etamsylate
этамиван,etamivan
этанерцепт,etanercept
этанол,ethanol
этацизин,ethacizine
этелкальцетид,etelcalcetide
этензамид (этилсалициламид),ethenzamide
этидроновая кислота,etidronic acid
этилбромизовалерианат,ethylbromisovalerinate
этилметилгидроксипиридина ацетилглутаминат,ethylmethylhydroxypyridine acethylglutaminate
этилметилгидроксипиридина сукцинат,ethylmethylhydroxypyridine succinate
этиловые эфиры омега-3 жирных кислот,omega-3 acid ethyl esters
этинилэстрадиол,ethinylestradiol
этионамид,ethionamide
этифоксин,etifoxine
этодолак,etodolac
этоногестрел,etonogestrel
этопозид,etoposide
эторикоксиб,etoricoxib
этосуксимид,ethosuximide
этофенамат,etofenamate
этофиллин,etofylline
этравирин,etravirine
эфавиренз,efavirenz
эфализумаб,efalizumab
эфедрин,ephedrine
эфмороктоког альфа,efmoroctocog alfa
эхинацея,Echinacea
яблочная кислота,malic acid
яд гадюки обыкновенной,Viper venom
bee venom,"Group
                                "
Tribulus terrestris,"Group
                                "
succinic acid,"BHP
                                "
